{"cameraMode":{"drawMode":0,"name":"Shaded","section":"Shading Mode"},"sceneLighting":false,"audioPlay":false,"sceneViewState":{"showFog":true,"showMaterialUpdate":true,"showSkybox":true,"showFlares":true,"showImageEffects":true,"showParticleSystems":true},"in2DMode":false,"pivot":{"x":-27.908246994018556,"y":45.13526916503906,"z":175.7236328125},"rotation":{"x":0.13593286275863648,"y":0.18810240924358369,"z":-0.02629629522562027,"w":0.9723417162895203},"size":12.233777046203614,"orthographic":false}