{"cameraMode":{"drawMode":0,"name":"Shaded","section":"Shading Mode"},"sceneLighting":false,"audioPlay":false,"sceneViewState":{"showFog":true,"showMaterialUpdate":true,"showSkybox":true,"showFlares":true,"showImageEffects":true,"showParticleSystems":true},"in2DMode":false,"pivot":{"x":245.23753356933595,"y":353.4761962890625,"z":-76.08644104003906},"rotation":{"x":-0.005650713574141264,"y":-9.852459470494069e-7,"z":0.000001501672386439168,"w":0.999984085559845},"size":68.81538391113281,"orthographic":false}