{"cameraMode":{"drawMode":0,"name":"Shaded","section":"Shading Mode"},"sceneLighting":false,"audioPlay":false,"sceneViewState":{"showFog":true,"showMaterialUpdate":true,"showSkybox":true,"showFlares":true,"showImageEffects":true,"showParticleSystems":true},"in2DMode":false,"pivot":{"x":9.199996948242188,"y":61.20000076293945,"z":306.8999938964844},"rotation":{"x":0.027454674243927003,"y":-0.9555292725563049,"z":0.0943395346403122,"w":0.2780470550060272},"size":21.113492965698243,"orthographic":false}