{"cameraMode":{"drawMode":0,"name":"Shaded","section":"Shading Mode"},"sceneLighting":false,"audioPlay":false,"sceneViewState":{"showFog":true,"showMaterialUpdate":true,"showSkybox":true,"showFlares":true,"showImageEffects":true,"showParticleSystems":true},"in2DMode":false,"pivot":{"x":-25.38711929321289,"y":50.354652404785159,"z":170.8406524658203},"rotation":{"x":0.2574459910392761,"y":0.24454747140407563,"z":-0.06752326339483261,"w":0.9323941469192505},"size":12.233777046203614,"orthographic":false}