{"cameraMode":{"drawMode":0,"name":"Shaded","section":"Shading Mode"},"sceneLighting":false,"audioPlay":false,"sceneViewState":{"showFog":true,"showMaterialUpdate":true,"showSkybox":true,"showFlares":true,"showImageEffects":true,"showParticleSystems":true},"in2DMode":false,"pivot":{"x":11.31013011932373,"y":-67.02388000488281,"z":215.8497772216797},"rotation":{"x":0.4064963161945343,"y":0.2966044247150421,"z":-0.14143072068691255,"w":0.8525162935256958},"size":122.34163665771485,"orthographic":false}