{"cameraMode":{"drawMode":0,"name":"Shaded","section":"Shading Mode"},"sceneLighting":false,"audioPlay":false,"sceneViewState":{"showFog":true,"showMaterialUpdate":true,"showSkybox":true,"showFlares":true,"showImageEffects":true,"showParticleSystems":true},"in2DMode":false,"pivot":{"x":352.2319030761719,"y":45.79607009887695,"z":602.153564453125},"rotation":{"x":0.026867609471082689,"y":-0.8828826546669006,"z":-0.050889644771814349,"w":-0.4660542607307434},"size":12.233779907226563,"orthographic":false}