{"cameraMode":{"drawMode":0,"name":"Shaded","section":"Shading Mode"},"sceneLighting":false,"audioPlay":false,"sceneViewState":{"showFog":true,"showMaterialUpdate":true,"showSkybox":true,"showFlares":true,"showImageEffects":true,"showParticleSystems":true},"in2DMode":false,"pivot":{"x":362.91998291015627,"y":43.01449203491211,"z":553.4104614257813},"rotation":{"x":-0.1364905834197998,"y":0.6410259008407593,"z":-0.11725902557373047,"w":-0.7461276650428772},"size":47.20051956176758,"orthographic":false}