{"cameraMode":{"drawMode":0,"name":"Shaded","section":"Shading Mode"},"sceneLighting":false,"audioPlay":false,"sceneViewState":{"showFog":true,"showMaterialUpdate":true,"showSkybox":true,"showFlares":true,"showImageEffects":true,"showParticleSystems":true},"in2DMode":false,"pivot":{"x":777.095458984375,"y":817.774658203125,"z":-882.844482421875},"rotation":{"x":0.011458443477749825,"y":-0.9817811250686646,"z":0.0628415197134018,"w":0.178957000374794},"size":3209.636962890625,"orthographic":false}