{"cameraMode":{"drawMode":0,"name":"Shaded","section":"Shading Mode"},"sceneLighting":false,"audioPlay":false,"sceneViewState":{"showFog":true,"showMaterialUpdate":true,"showSkybox":true,"showFlares":true,"showImageEffects":true,"showParticleSystems":true},"in2DMode":false,"pivot":{"x":332.98284912109377,"y":37.07980728149414,"z":-66.93345642089844},"rotation":{"x":0.03232278674840927,"y":-0.8070043921470642,"z":0.04435756430029869,"w":0.5879895091056824},"size":0.040620721876621249,"orthographic":false}