{"cameraMode":{"drawMode":0,"name":"Shaded","section":"Shading Mode"},"sceneLighting":false,"audioPlay":false,"sceneViewState":{"showFog":true,"showMaterialUpdate":true,"showSkybox":true,"showFlares":true,"showImageEffects":true,"showParticleSystems":true},"in2DMode":false,"pivot":{"x":-215.8958740234375,"y":-466.6573791503906,"z":232.6068115234375},"rotation":{"x":-0.21126221120357514,"y":0.7850334048271179,"z":-0.4525049328804016,"w":-0.3665107190608978},"size":790.147216796875,"orthographic":false}