{"cameraMode":{"drawMode":0,"name":"Shaded","section":"Shading Mode"},"sceneLighting":false,"audioPlay":false,"sceneViewState":{"showFog":true,"showMaterialUpdate":true,"showSkybox":true,"showFlares":true,"showImageEffects":true,"showParticleSystems":true},"in2DMode":false,"pivot":{"x":-27.35710906982422,"y":50.96047592163086,"z":172.0196533203125},"rotation":{"x":-0.01660780794918537,"y":0.23824366927146913,"z":0.004074770957231522,"w":0.9710549116134644},"size":10.636946678161621,"orthographic":false}